{"fold": 5, "epoch": 10, "train_loss": 2.412265343325479, "train_accuracy": 25.835866261398177, "val_accuracy": 19.51219512195122, "_timestamp": 1709084508.3313954, "_runtime": 191.53650736808777, "_step": 51, "Test Accuracy": 21.666666666666668, "Test Precision": 31.320346320346314, "Test Recall": 21.666666666666668, "Test F1 Score": 20.5078320802005, "Matthews Correlation Coefficient": 13.164333814454466, "Confusion Matrix": {"_type": "image-file", "sha256": "7c414fcaa199f7c1ac0f7103ad91f5f00d39d4de12d4b7e9836f9a3b5518714f", "size": 30012, "path": "media/images/Confusion Matrix_50_7c414fcaa199f7c1ac0f.png", "format": "png", "width": 800, "height": 600}, "Confusion Report": "              precision    recall  f1-score   support\n\n           0       0.36      0.50      0.42         8\n           1       0.17      0.12      0.14         8\n           2       0.00      0.00      0.00         2\n           3       0.00      0.00      0.00         4\n           4       0.09      0.20      0.13         5\n           5       0.00      0.00      0.00         1\n           6       0.14      0.33      0.20         3\n           7       0.21      0.43      0.29         7\n           8       0.00      0.00      0.00         3\n           9       0.67      0.12      0.21        16\n          10       0.50      0.33      0.40         3\n\n    accuracy                           0.22        60\n   macro avg       0.20      0.19      0.16        60\nweighted avg       0.31      0.22      0.21        60\n", "ROC Curve": {"_type": "image-file", "sha256": "31ae1000a89270d61536df785c41e5fae4ae85bd384103e4aa04dab718bb953a", "size": 98884, "path": "media/images/ROC Curve_51_31ae1000a89270d61536.png", "format": "png", "width": 640, "height": 480}, "_wandb": {"runtime": 191}}