{"fold": 5, "epoch": 10, "train_loss": 0.5642350459737437, "train_accuracy": 83.28267477203647, "val_accuracy": 65.85365853658537, "_timestamp": 1709082367.6443057, "_runtime": 180.4908788204193, "_step": 50, "Test Accuracy": 48.333333333333336, "Test Precision": 59.09523809523809, "Test Recall": 48.333333333333336, "Test F1 Score": 47.7949494949495, "Matthews Correlation Coefficient": 41.91091495524344, "Confusion Matrix": {"_type": "image-file", "sha256": "6a2608e748dff482945848bdceee4ddda3854e213b8c2963009be4e54543f718", "size": 27067, "path": "media/images/Confusion Matrix_50_6a2608e748dff4829458.png", "format": "png", "width": 800, "height": 600}, "Confusion Report": "              precision    recall  f1-score   support\n\n           0       0.29      0.50      0.36         8\n           1       0.57      0.50      0.53         8\n           2       0.50      0.50      0.50         2\n           3       0.67      0.50      0.57         4\n           4       1.00      0.20      0.33         5\n           5       0.00      0.00      0.00         1\n           6       0.50      0.67      0.57         3\n           7       0.47      1.00      0.64         7\n           8       0.50      0.33      0.40         3\n           9       0.67      0.38      0.48        16\n          10       1.00      0.33      0.50         3\n\n    accuracy                           0.48        60\n   macro avg       0.56      0.45      0.44        60\nweighted avg       0.59      0.48      0.48        60\n", "_wandb": {"runtime": 180}}