{"fold": 5, "epoch": 10, "train_loss": 1.3436648175120354, "train_accuracy": 61.29032258064516, "val_accuracy": 28.571428571428573, "_timestamp": 1709512733.6202276, "_runtime": 29.422752618789673, "_step": 51, "Test Accuracy": 20.0, "Test Precision": 17.719017094017094, "Test Recall": 20.0, "Test F1 Score": 18.162377381978107, "Matthews Correlation Coefficient": 7.845253263646542, "Confusion Matrix": {"_type": "image-file", "sha256": "14a79379aaa62d1ebecda298ad753c54c64d8f8a7d90b87008773b7fa29486c4", "size": 29853, "path": "media/images/Confusion Matrix_50_14a79379aaa62d1ebecd.png", "format": "png", "width": 800, "height": 600}, "Confusion Report": "              precision    recall  f1-score   support\n\n           0       0.18      0.25      0.21         8\n           1       0.17      0.12      0.14         8\n           2       0.00      0.00      0.00         2\n           3       0.00      0.00      0.00         4\n           4       0.00      0.00      0.00         5\n           5       0.00      0.00      0.00         1\n           6       0.00      0.00      0.00         3\n           7       0.36      0.57      0.44         7\n           8       0.00      0.00      0.00         3\n           9       0.31      0.25      0.28        16\n          10       0.12      0.33      0.18         3\n\n    accuracy                           0.20        60\n   macro avg       0.10      0.14      0.11        60\nweighted avg       0.18      0.20      0.18        60\n", "ROC Curve": {"_type": "image-file", "sha256": "e9beb27d41089a6bf1143454ba2b33d4302fd6c099ee76724a99b49f8f3f64ee", "size": 127788, "path": "media/images/ROC Curve_51_e9beb27d41089a6bf114.png", "format": "png", "width": 1200, "height": 1000}, "_wandb": {"runtime": 28}}