{"fold": 5, "epoch": 10, "train_loss": 0.5499864602349249, "train_accuracy": 79.33130699088146, "val_accuracy": 70.73170731707317, "_timestamp": 1708818516.5087454, "_runtime": 978.1636214256287, "_step": 50, "Test Accuracy": 70.0, "Test Precision": 74.85829448329449, "Test Recall": 70.0, "Test F1 Score": 68.72226499721961, "Matthews Correlation Coefficient": 66.46203901033981, "Confusion Matrix": {"_type": "image-file", "sha256": "7c46268d798fee7a2a4ccc8dfa26b6ef36a6da29072bb67ad218fb930db84fcd", "size": 26733, "path": "media/images/Confusion Matrix_50_7c46268d798fee7a2a4c.png", "format": "png", "width": 800, "height": 600}, "Confusion Report": "              precision    recall  f1-score   support\n\n           0       0.80      0.50      0.62         8\n           1       0.73      1.00      0.84         8\n           2       1.00      0.50      0.67         2\n           3       0.80      1.00      0.89         4\n           4       0.50      0.80      0.62         5\n           5       0.33      1.00      0.50         1\n           6       1.00      0.33      0.50         3\n           7       1.00      0.71      0.83         7\n           8       0.38      1.00      0.55         3\n           9       0.85      0.69      0.76        16\n          10       0.00      0.00      0.00         3\n\n    accuracy                           0.70        60\n   macro avg       0.67      0.69      0.62        60\nweighted avg       0.75      0.70      0.69        60\n", "_wandb": {"runtime": 981}}