{"fold": 5, "epoch": 10, "train_loss": 0.5642870001140095, "train_accuracy": 83.58662613981762, "val_accuracy": 59.75609756097561, "_timestamp": 1709084150.5712602, "_runtime": 184.23417115211487, "_step": 50, "Test Accuracy": 60.0, "Test Precision": 63.45227920227921, "Test Recall": 60.0, "Test F1 Score": 59.36708361505523, "Matthews Correlation Coefficient": 54.04802948416494, "Confusion Matrix": {"_type": "image-file", "sha256": "f7f2c768922bed57c5c5ff1f8fff7c6137c5836efba5d6ff02793d3426211592", "size": 28321, "path": "media/images/Confusion Matrix_50_f7f2c768922bed57c5c5.png", "format": "png", "width": 800, "height": 600}, "Confusion Report": "              precision    recall  f1-score   support\n\n           0       0.58      0.88      0.70         8\n           1       0.56      0.62      0.59         8\n           2       1.00      0.50      0.67         2\n           3       0.25      0.25      0.25         4\n           4       0.67      0.40      0.50         5\n           5       0.00      0.00      0.00         1\n           6       0.50      0.33      0.40         3\n           7       0.75      0.86      0.80         7\n           8       0.60      1.00      0.75         3\n           9       0.69      0.56      0.62        16\n          10       1.00      0.33      0.50         3\n\n    accuracy                           0.60        60\n   macro avg       0.60      0.52      0.53        60\nweighted avg       0.63      0.60      0.59        60\n", "_wandb": {"runtime": 184}}