{"fold": 5, "epoch": 10, "train_loss": 0.6119919889384792, "train_accuracy": 83.28267477203647, "val_accuracy": 54.8780487804878, "_timestamp": 1709083372.9620216, "_runtime": 183.83342170715332, "_step": 50, "Test Accuracy": 56.666666666666664, "Test Precision": 61.74007936507936, "Test Recall": 56.666666666666664, "Test F1 Score": 56.59523809523809, "Matthews Correlation Coefficient": 49.935995107529166, "Confusion Matrix": {"_type": "image-file", "sha256": "a64d472be9edf7405d447a7cc356b36f05489d43ad30a1f3c5d6ff6561fb683e", "size": 28348, "path": "media/images/Confusion Matrix_50_a64d472be9edf7405d44.png", "format": "png", "width": 800, "height": 600}, "Confusion Report": "              precision    recall  f1-score   support\n\n           0       0.50      0.75      0.60         8\n           1       0.60      0.75      0.67         8\n           2       1.00      1.00      1.00         2\n           3       0.33      0.25      0.29         4\n           4       1.00      0.40      0.57         5\n           5       0.00      0.00      0.00         1\n           6       0.50      0.33      0.40         3\n           7       0.62      0.71      0.67         7\n           8       0.25      0.33      0.29         3\n           9       0.64      0.56      0.60        16\n          10       1.00      0.33      0.50         3\n\n    accuracy                           0.57        60\n   macro avg       0.59      0.49      0.51        60\nweighted avg       0.62      0.57      0.57        60\n", "_wandb": {"runtime": 185}}