{"fold": 5, "epoch": 10, "train_loss": 2.0078289199926207, "train_accuracy": 24.924012158054712, "val_accuracy": 21.951219512195124, "_timestamp": 1708815691.858179, "_runtime": 1723.801880121231, "_step": 50, "Test Accuracy": 28.333333333333332, "Test Precision": 13.870870870870872, "Test Recall": 28.333333333333332, "Test F1 Score": 18.379819524200165, "Matthews Correlation Coefficient": 9.954170123802449, "Confusion Matrix": {"_type": "image-file", "sha256": "db0cfac3784f504243537f48bb46ae2993ef9be8f0b333490688d5990349b5f1", "size": 27466, "path": "media/images/Confusion Matrix_50_db0cfac3784f50424353.png", "format": "png", "width": 800, "height": 600}, "Confusion Report": "              precision    recall  f1-score   support\n\n           0       0.27      0.50      0.35         8\n           1       0.12      0.12      0.12         8\n           2       0.00      0.00      0.00         2\n           3       0.00      0.00      0.00         4\n           4       0.00      0.00      0.00         5\n           5       0.00      0.00      0.00         1\n           6       0.00      0.00      0.00         3\n           7       0.00      0.00      0.00         7\n           8       0.00      0.00      0.00         3\n           9       0.32      0.75      0.45        16\n          10       0.00      0.00      0.00         3\n\n    accuracy                           0.28        60\n   macro avg       0.07      0.12      0.08        60\nweighted avg       0.14      0.28      0.18        60\n", "_wandb": {"runtime": 1725}}