{"fold": 5, "epoch": 10, "train_loss": 0.4207152687013149, "train_accuracy": 87.09677419354838, "val_accuracy": 28.571428571428573, "_timestamp": 1708812443.2531576, "_runtime": 42.97949957847595, "_step": 50, "Test Accuracy": 35.0, "Test Precision": 31.41737891737891, "Test Recall": 35.0, "Test F1 Score": 31.71008403361345, "Matthews Correlation Coefficient": 23.58725584144557, "Confusion Matrix": {"_type": "image-file", "sha256": "66dc91bf283eee60d3c1887f4c0631a7c9b2ec76a9100ba7fe123ef9130aebac", "size": 27590, "path": "media/images/Confusion Matrix_50_66dc91bf283eee60d3c1.png", "format": "png", "width": 800, "height": 600}, "Confusion Report": "              precision    recall  f1-score   support\n\n           0       0.31      0.50      0.38         8\n           1       0.44      0.50      0.47         8\n           2       0.00      0.00      0.00         2\n           3       0.00      0.00      0.00         4\n           4       0.00      0.00      0.00         5\n           5       0.00      0.00      0.00         1\n           6       0.00      0.00      0.00         3\n           7       0.50      0.57      0.53         7\n           8       0.33      0.67      0.44         3\n           9       0.33      0.38      0.35        16\n          10       1.00      0.33      0.50         3\n\n    accuracy                           0.35        60\n   macro avg       0.27      0.27      0.24        60\nweighted avg       0.31      0.35      0.32        60\n", "_wandb": {"runtime": 41}}