{"fold": 5, "epoch": 10, "train_loss": 2.1936744423139665, "train_accuracy": 29.48328267477204, "val_accuracy": 18.29268292682927, "_timestamp": 1709085658.575438, "_runtime": 191.78943991661072, "_step": 51, "Test Accuracy": 11.666666666666666, "Test Precision": 6.906593406593407, "Test Recall": 11.666666666666666, "Test F1 Score": 8.574074074074073, "Matthews Correlation Coefficient": 1.7679466789954839, "Confusion Matrix": {"_type": "image-file", "sha256": "6e6ce98bdbbcc1a35ba0a27d82dde11de855b9e0dda684949ced57afc6e02bd8", "size": 27219, "path": "media/images/Confusion Matrix_50_6e6ce98bdbbcc1a35ba0.png", "format": "png", "width": 800, "height": 600}, "Confusion Report": "              precision    recall  f1-score   support\n\n           0       0.20      0.25      0.22         8\n           1       0.00      0.00      0.00         8\n           2       0.00      0.00      0.00         2\n           3       0.00      0.00      0.00         4\n           4       0.00      0.00      0.00         5\n           5       0.00      0.00      0.00         1\n           6       0.17      0.33      0.22         3\n           7       0.23      0.43      0.30         7\n           8       0.14      0.33      0.20         3\n           9       0.00      0.00      0.00        16\n          10       0.00      0.00      0.00         3\n\n    accuracy                           0.12        60\n   macro avg       0.07      0.12      0.09        60\nweighted avg       0.07      0.12      0.09        60\n", "ROC Curve": {"_type": "image-file", "sha256": "564f2fffe983aaedf5e2bc13fafcb422c747c02ea36e3f672a90e50b21633480", "size": 128511, "path": "media/images/ROC Curve_51_564f2fffe983aaedf5e2.png", "format": "png", "width": 1200, "height": 1000}, "_wandb": {"runtime": 187}}