{"fold": 5, "epoch": 10, "train_loss": 0.6023738098641237, "train_accuracy": 82.67477203647417, "val_accuracy": 57.31707317073171, "_timestamp": 1709083066.563261, "_runtime": 194.0062689781189, "_step": 50, "Test Accuracy": 50.0, "Test Precision": 54.423076923076906, "Test Recall": 50.0, "Test F1 Score": 48.84078011119753, "Matthews Correlation Coefficient": 42.509831025533956, "Confusion Matrix": {"_type": "image-file", "sha256": "96f4e35839d41a5118771d1769b6d97746100bbba065f164735822431a7b92a0", "size": 28773, "path": "media/images/Confusion Matrix_50_96f4e35839d41a511877.png", "format": "png", "width": 800, "height": 600}, "Confusion Report": "              precision    recall  f1-score   support\n\n           0       0.25      0.25      0.25         8\n           1       0.38      0.62      0.48         8\n           2       1.00      1.00      1.00         2\n           3       0.67      0.50      0.57         4\n           4       1.00      0.40      0.57         5\n           5       0.33      1.00      0.50         1\n           6       1.00      0.33      0.50         3\n           7       0.50      0.86      0.63         7\n           8       0.00      0.00      0.00         3\n           9       0.69      0.56      0.62        16\n          10       0.00      0.00      0.00         3\n\n    accuracy                           0.50        60\n   macro avg       0.53      0.50      0.47        60\nweighted avg       0.54      0.50      0.49        60\n", "_wandb": {"runtime": 194}}