{"fold": 2, "epoch": 4, "train_loss": 0.6133371503200642, "train_accuracy": 79.47214076246334, "val_accuracy": 64.70588235294117, "_timestamp": 1709086343.565817, "_runtime": 311.37756419181824, "_step": 13}