{"fold": 5, "epoch": 10, "train_loss": 2.072919432933514, "train_accuracy": 24.03846153846154, "val_accuracy": 25.641025641025642, "_timestamp": 1708813688.772463, "_runtime": 808.845724105835, "_step": 50, "Test Accuracy": 13.333333333333334, "Test Precision": 1.7777777777777777, "Test Recall": 13.333333333333334, "Test F1 Score": 3.1372549019607843, "Matthews Correlation Coefficient": 0.0, "Confusion Matrix": {"_type": "image-file", "sha256": "332175a5b6f61e59fd4f758b0b7fb25efa531f1d3d4763b78675db2ee7946bde", "size": 27142, "path": "media/images/Confusion Matrix_50_332175a5b6f61e59fd4f.png", "format": "png", "width": 800, "height": 600}, "Confusion Report": "              precision    recall  f1-score   support\n\n           0       0.13      1.00      0.24         8\n           1       0.00      0.00      0.00         8\n           2       0.00      0.00      0.00         2\n           3       0.00      0.00      0.00         4\n           4       0.00      0.00      0.00         5\n           5       0.00      0.00      0.00         1\n           6       0.00      0.00      0.00         3\n           7       0.00      0.00      0.00         7\n           8       0.00      0.00      0.00         3\n           9       0.00      0.00      0.00        16\n          10       0.00      0.00      0.00         3\n\n    accuracy                           0.13        60\n   macro avg       0.01      0.09      0.02        60\nweighted avg       0.02      0.13      0.03        60\n", "_wandb": {"runtime": 809}}